Name,Website,Awwwards Profile,Qualité,Email,Date mail 1,Réponse,Réponse finale,Langue,Tech,Lien candidature / source,Commentaire,Mail envoyé
Unseen Studio,http://www.unseen.co/,https://www.awwwards.com/unseenstudio/,18,projects@unseen.co,,,,EN,wordpress,,,
ToyFight,http://toyfight.co/,https://www.awwwards.com/ToyFight/,18,hello@toyfight.co,,,,EN,nextjs,,,
Vide Infra,http://www.videinfra.com/,https://www.awwwards.com/videinfra/,19,https://videinfra.com/career,14/01/2026,,,EN,JS,,,
Somefolk®,http://www.somefolk.co/,https://www.awwwards.com/Somefolk/,,,,,,,,,,
Lusion,https://lusion.co/,https://www.awwwards.com/lusion/,,,,,,,,,,
Outpost,http://outpost.design/,https://www.awwwards.com/Outpost/,,,,,,,,,,
OFF+BRAND.,https://www.itsoffbrand.com/,https://www.awwwards.com/offbrand/,,,,,,,,,,
Mallard & Claret,https://mallardandclaret.com/,https://www.awwwards.com/mallardandclaret/,,,,,,,,,,
Phantom,http://phantom.land/,https://www.awwwards.com/PhantomStudios/,,,,,,,,,,
Sam Dallyn,https://www.lundqvistdallyn.studio/,https://www.awwwards.com/sam-dallyn/,,,,,,,,,,
By Association Only,http://byassociationonly.com/,https://www.awwwards.com/byassociationonly/,,,,,,,,,,
Rotate°,http://studiorotate.com/,https://www.awwwards.com/studiorotate/,,,,,,,,,,
Parallax,http://parall.ax/,https://www.awwwards.com/Parallax_Agency/,,,,,,,,,,
Jordan Gilroy,https://jordangilroy.com/,https://www.awwwards.com/jordan-gilroy/,,,,,,,,,,
The Blackpepper Studio,https://theblackpepperstudio.com/,https://www.awwwards.com/blackpepper-studio/,,,,,,,,,,
serieseight,https://serieseight.com/,https://www.awwwards.com/serieseight/,,,,FALSE,,,,,,
Rich Brown,http://www.richbrown.info/,https://www.awwwards.com/richbrown/,,,,FALSE,,,,,,
Artistsweb,https://www.artistsweb.co.uk/,https://www.awwwards.com/artistsweb/,,,,FALSE,,,,,,
Herdl,http://herdl.com/,https://www.awwwards.com/herdl/,,,,FALSE,,,,,,
Kujira co,https://kujira.co/,https://www.awwwards.com/Kujira/,,,,FALSE,,,,,,
MadeByShape,https://madebyshape.co.uk/,https://www.awwwards.com/MadeByShape/,,,,FALSE,,,,,,
Adaptable,https://weareadaptable.com/,https://www.awwwards.com/adaptable/,,,,FALSE,,,,,,
Studio Form,https://www.form-digital.com/,https://www.awwwards.com/form_digital_studio/,,,,FALSE,,,,,,
Elliott Mangham,https://elliott.mangham.dev/,https://www.awwwards.com/elliottmangham/,,,,FALSE,,,,,,
Vovi,http://www.vovi.studio/,https://www.awwwards.com/vovi/,,,,FALSE,,,,,,
Neutral Studio,http://neutral-studio.com/,https://www.awwwards.com/neutralstudio/,,,,FALSE,,,,,,
Format-3,https://format-3.co/,https://www.awwwards.com/Format-3/,,,,FALSE,,,,,,
The Line Studio,https://thelinestudio.com/,https://www.awwwards.com/thelinestudio/,,,,FALSE,,,,,,
Fhoke,https://www.fhoke.com/,https://www.awwwards.com/fhoke/,,,,FALSE,,,,,,
Show + Tell,https://www.showandtell.agency/,https://www.awwwards.com/showandtell/,,,,FALSE,,,,,,
GoodLove,http://www.goodlove.co/,https://www.awwwards.com/goodlove/,,,,FALSE,,,,,,
Driftime®,http://driftime.media/,https://www.awwwards.com/driftime/,,,,FALSE,,,,,,
chaptr,https://chaptr.studio/,https://www.awwwards.com/chaptr/,,,,FALSE,,,,,,
OHMY,http://www.ohmy.studio/,https://www.awwwards.com/ohmystudio/,,,,FALSE,,,,,,
Limesharp,https://limesharp.net/,https://www.awwwards.com/limesharp/,,,,FALSE,,,,,,
RVLV,http://www.rvlv.agency/,https://www.awwwards.com/RVLV/,,,,FALSE,,,,,,
Ryze Agency,http://www.ryzeagency.co.uk/,https://www.awwwards.com/ryzeagency/,,,,FALSE,,,,,,
MIDNIGHT,https://midnight.agency/,https://www.awwwards.com/midnight_agency/,,,,FALSE,,,,,,
Phunk Creative,http://phunk.co.uk/,https://www.awwwards.com/phunkcreative/,,,,FALSE,,,,,,
matthew-rogers,https://www.matt-rogers.co.uk/,https://www.awwwards.com/matthew-rogers/,,,,FALSE,,,,,,
Numiko,http://www.numiko.com/,https://www.awwwards.com/Numiko/,,,,FALSE,,,,,,
Koto,https://koto.studio/,https://www.awwwards.com/studiokoto/,,,,FALSE,,,,,,
93FT,http://www.93ft.com/,https://www.awwwards.com/93ft/,,,,FALSE,,,,,,
Isabel Edwards,http://designsie.co.uk/,https://www.awwwards.com/isabel_edwards/,,,,FALSE,,,,,,
Alchemy Digital,https://alchemy.digital/,https://www.awwwards.com/AlchemyDigital/,,,,FALSE,,,,,,
Together,https://coder.com/,https://www.awwwards.com/together/,,,,FALSE,,,,,,
KOTA,https://kota.co.uk/,https://www.awwwards.com/kota/,,,,FALSE,,,,,,
PeachWeb Builder,http://peachweb.io/,https://www.awwwards.com/peachweb/,,,,FALSE,,,,,,
Plug & Play,https://www.plugandplaydesign.co.uk/,https://www.awwwards.com/web-design-london/,,,,FALSE,,,,,,
bluestone98,http://www.bluestone98.com/,https://www.awwwards.com/bluestone98/,,,,FALSE,,,,,,
Daniel Vaszka,https://danielvaszka.com/,https://www.awwwards.com/daniel.vaszka/,,,,FALSE,,,,,,
Noughts & Ones,https://noughtsandones.com/,https://www.awwwards.com/noughtsandones/,,,,FALSE,,,,,,
Bigger Picture,https://www.biggerpicture.agency/,https://www.awwwards.com/biggerpicture/,,,,FALSE,,,,,,
HLabs,http://www.hlabs.co.uk/,https://www.awwwards.com/hlabs/,,,,FALSE,,,,,,
CreativeWeb,https://www.cbwebsitedesign.co.uk/,https://www.awwwards.com/creativeweb/,,,,FALSE,,,,,,
Dazze Studio,https://www.dazze.studio/,https://www.awwwards.com/dazze-studio/,,,,FALSE,,,,,,
How&How,https://how.studio/,https://www.awwwards.com/How_How/,,,,FALSE,,,,,,
Multivitamin Studio,http://www.multivitamin.studio/,https://www.awwwards.com/multivitaminstudio/,,,,FALSE,,,,,,
Fishtank Agency,https://fishtankagency.com/,https://www.awwwards.com/FishtankAgency/,,,,FALSE,,,,,,
The Web Kitchen,https://www.thewebkitchen.co.uk/,https://www.awwwards.com/thewebkitchen/,,,,FALSE,,,,,,
Wondermake,https://wondermake.xyz/,https://www.awwwards.com/Wondermake/,,,,FALSE,,,,,,
Athlon,https://www.athlon.global/,https://www.awwwards.com/Athlon/,,,,FALSE,,,,,,
Fly Full Circle,https://www.flyfullcircle.com/,https://www.awwwards.com/flyfullcircle/,,,,FALSE,,,,,,
1minus1,https://1minus1.com/,https://www.awwwards.com/1minus1/,,,,FALSE,,,,,,
SOCIETY STUDIOS®,https://societystudios.co.uk/,https://www.awwwards.com/SocietyStudios/,,,,FALSE,,,,,,
Thousand Lines,https://thousand-lines.com/,https://www.awwwards.com/thousand-lines/,,,,FALSE,,,,,,
Forty Eight Point One,https://www.fortyeight.one/,https://www.awwwards.com/48Point1/,,,,FALSE,,,,,,
Claudio Calautti,https://creativefrontend.com/,https://www.awwwards.com/claudio-calautti/,,,,FALSE,,,,,,
Common Studio LDN,https://common.studio/,https://www.awwwards.com/common.studio/,,,,FALSE,,,,,,
Holdens,http://holdens.agency/,https://www.awwwards.com/Holdens/,,,,FALSE,,,,,,
Array,https://array.design/,https://www.awwwards.com/arrayassoc/,,,,FALSE,,,,,,
Shoreditch Design,https://shoreditchdesign.com/,https://www.awwwards.com/shoreditchdesign/,,,,FALSE,,,,,,
Drool Design Studio,https://drooldesignstudio.com/,https://www.awwwards.com/drooldesignstudio/,,,,FALSE,,,,,,
Dave Holloway,https://daveholloway.uk/,https://www.awwwards.com/daveholloway/,,,,FALSE,,,,,,
ID Studio,https://idstudio.co.uk/,https://www.awwwards.com/id-studio-web-agency/,,,,FALSE,,,,,,
Chris Carruthers,https://chriscarruthers.co.uk/,https://www.awwwards.com/chriscarruthers/,,,,FALSE,,,,,,
Make Agency®,https://makeagency.co.uk/,https://www.awwwards.com/make-agency/,,,,FALSE,,,,,,
Rudo Agency,https://rudo.co.uk/,https://www.awwwards.com/rudo.agency/,,,,FALSE,,,,,,
Radiant,http://byradiant.com/,https://www.awwwards.com/Radiant/,,,,FALSE,,,,,,
WIRO,https://wiro.agency/,https://www.awwwards.com/wiroagency/,,,,FALSE,,,,,,
HeyHiHello,http://www.heyhihello.co.uk/,https://www.awwwards.com/dan-gough/,,,,FALSE,,,,,,
Reactive Graphics,http://www.web-designlondon.co.uk/,https://www.awwwards.com/web-designlondon/,,,,FALSE,,,,,,
Misfit,https://misfitcreative.com/,https://www.awwwards.com/MisfitCreative/,,,,FALSE,,,,,,
Red-Fern,https://www.red-fern.co.uk/,https://www.awwwards.com/red-fernmedia/,,,,FALSE,,,,,,
TRUE,https://www.truedigital.co.uk/,https://www.awwwards.com/true/,,,,FALSE,,,,,,
Make Us Care,https://makeus.care/,https://www.awwwards.com/make-us-care/,,,,FALSE,,,,,,
Upperdog,https://upperdog.co.uk/,https://www.awwwards.com/Upperdog/,,,,FALSE,,,,,,
Made by Field,https://madebyfield.co.uk/,https://www.awwwards.com/madebyfield/,,,,FALSE,,,,,,
Fine Day Studio,http://fineday.studio/,https://www.awwwards.com/fineday/,,,,FALSE,,,,,,
Visions Design,https://www.visionsdesign.co.uk/,https://www.awwwards.com/VisionsDesign/,,,,FALSE,,,,,,
UnitedUs,https://unitedus.co.uk/,https://www.awwwards.com/UnitedUs/,,,,FALSE,,,,,,
Effect Digital,https://www.effectdigital.com/,https://www.awwwards.com/effectdigital/,,,,FALSE,,,,,,
Anderson Moss,https://andersonmoss.com/,https://www.awwwards.com/AndersonMoss/,,,,FALSE,,,,,,
Logic Design & Consultancy Ltd,https://www.logicdesign.co.uk/,https://www.awwwards.com/LogicDesign/,,,,FALSE,,,,,,
Dirty Martini,http://dirty-martini.com/,https://www.awwwards.com/dirtymartiniexe/,,,,FALSE,,,,,,
Harrison Carloss,https://harrisoncarloss.com/,https://www.awwwards.com/harrison-carloss/,,,,FALSE,,,,,,
Design Lobby,https://designlobby.co.uk/,https://www.awwwards.com/DesignLobby/,,,,FALSE,,,,,,
Sequel,https://sequel.co.uk/,https://www.awwwards.com/sequel/,,,,FALSE,,,,,,
Bond&Coyne,https://www.bondandcoyne.co.uk/,https://www.awwwards.com/BondandCoyne/,,,,FALSE,,,,,,
Chris Holt,https://www.chrisholt.xyz/,https://www.awwwards.com/chrisholt/,,,,FALSE,,,,,,
Brand42,https://brand42.co.uk/,https://www.awwwards.com/Brand42/,,,,FALSE,,,,,,
Billie,https://billietuitt.com/,https://www.awwwards.com/billie-t/,,,,FALSE,,,,,,
olson.,http://olson.work/,https://www.awwwards.com/olson/,,,,FALSE,,,,,,
Webheads - London Web Agency,https://www.webheads.co.uk/,https://www.awwwards.com/webheads/,,,,FALSE,,,,,,
Create Designs,https://createdesigns.co.uk/,https://www.awwwards.com/website-designers/,,,,FALSE,,,,,,
Uncommon Creative Studio,https://www.uncommon.studio/,https://www.awwwards.com/Uncommon-creative-studio/,,,,FALSE,,,,,,
Solve,https://solve.co.uk/,https://www.awwwards.com/Solve/,,,,FALSE,,,,,,
Phillip Lee,https://philliplee.co/,https://www.awwwards.com/philliplee/,,,,FALSE,,,,,,
ourownbrand,https://www.ourownbrand.co/,https://www.awwwards.com/ourownbrandagency/,,,,FALSE,,,,,,
DD LONDON,http://ddlondon.com/,https://www.awwwards.com/DDLONDON/,,,,FALSE,,,,,,
BS+A,https://www.bsplusa.com/,https://www.awwwards.com/bsplusa/,,,,FALSE,,,,,,
StrategiQ,https://strategiq.co/,https://www.awwwards.com/StrategiQ/,,,,FALSE,,,,,,
Antino Kila,https://antino.net/,https://www.awwwards.com/antinokila/,,,,FALSE,,,,,,
Jords+Co Studio,https://www.jords.co.uk/,https://www.awwwards.com/jords/,,,,FALSE,,,,,,
Skywire,https://skywire.co.uk/,https://www.awwwards.com/skywire/,,,,FALSE,,,,,,
Undefined,,https://www.awwwards.com/thisisundefined/,,,,FALSE,,,,,,
WebHero.co,https://www.webhero.co/,https://www.awwwards.com/WebHero/,,,,FALSE,,,,,,
CobwebMedia,https://www.cobwebmedia.co.uk/,https://www.awwwards.com/CobwebMedia/,,,,FALSE,,,,,,
vadym.obremskyi,http://vadymobremskyi.com/,https://www.awwwards.com/vadym-obremskyi/,,,,FALSE,,,,,,
Anyflow,https://labs.anyflow.agency/,https://www.awwwards.com/Anyflow_Agency/,,,,FALSE,,,,,,
adigidan,http://adigi.co.uk/,https://www.awwwards.com/adigidan/,,,,FALSE,,,,,,
emeraldcolour,,https://www.awwwards.com/emeraldcolour/,,,,FALSE,,,,,,
slashdev.io,https://slashdev.io/,https://www.awwwards.com/Slashdev/,,,,FALSE,,,,,,
Webpop Design,https://www.webpopdesign.com/,https://www.awwwards.com/webpopdesign/,,,,FALSE,,,,,,
ORCA,http://www.onlyorca.com/,https://www.awwwards.com/onlyorca/,,,,FALSE,,,,,,
First Rate Marketing,https://firstratemarketing.com/,https://www.awwwards.com/FirstRateMarketing/,,,,FALSE,,,,,,
SIDEKICK®,http://www.sidekick.uk/,https://www.awwwards.com/sidekick_uk/,,,,FALSE,,,,,,
UNRVLD®,http://www.unrvld.com/,https://www.awwwards.com/James.Bearne/,,,,FALSE,,,,,,
Nevan,,https://www.awwwards.com/Nevan/,,,,FALSE,,,,,,
franky-farra-frond,,https://www.awwwards.com/franky-farra-frond/,,,,FALSE,,,,,,
wearestudio77,http://www.wearestudio77.com/,https://www.awwwards.com/wearestudio77/,,,,FALSE,,,,,,
studio-mesh,https://www.studiomesh.co/,https://www.awwwards.com/studio-mesh/,,,,FALSE,,,,,,
Fallen Leaf Design,https://www.fallenleafwebdesign.co.uk/web-design-development-company,https://www.awwwards.com/FallenLeafDesign/,,,,FALSE,,,,,,
Ruslan Lypovyi,https://linktr.ee/lpvrsln,https://www.awwwards.com/ruslan-lypovyi-lpvrsln/,,,,FALSE,,,,,,
Ambernichall,,https://www.awwwards.com/Ambernichall/,,,,FALSE,,,,,,
SmartaStudio,https://smartastudio.com/,https://www.awwwards.com/smartastudio/,,,,FALSE,,,,,,
London Web Design Agency,https://www.londonwebdesignagency.com/,https://www.awwwards.com/LWDA/,,,,FALSE,,,,,,
Build With Simon,https://www.buildwithsimon.com/,https://www.awwwards.com/BuildWithSimon/,,,,FALSE,,,,,,
olliedesigns.io,https://olliedesigns.io/,https://www.awwwards.com/olliedesigns.io/,,,,FALSE,,,,,,
rubberduckers,https://rubberduckers.co.uk/,https://www.awwwards.com/rubberduckers/,,,,FALSE,,,,,,
davejonesdesignuk,https://www.davejonesdesign.co.uk/,https://www.awwwards.com/davejonesdesignuk/,,,,FALSE,,,,,,
Contra Agency,https://www.contra.agency/,https://www.awwwards.com/contraagency/,,,,FALSE,,,,,,
Creatomatic,https://www.creatomatic.co.uk/,https://www.awwwards.com/Creatomatic/,,,,FALSE,,,,,,
Platform,https://www.builtbyplatform.co.uk/,https://www.awwwards.com/builtbyplatform/,,,,FALSE,,,,,,
UnbrandedManchester,https://www.unbrandedmanchester.com/,https://www.awwwards.com/UnbrandedManchester/,,,,FALSE,,,,,,
cudedesign,http://www.cudedesign.co.uk/,https://www.awwwards.com/cudedesign/,,,,FALSE,,,,,,
sakib-patwary,https://dunfair.com/,https://www.awwwards.com/sakib-patwary/,,,,FALSE,,,,,,
ThinkDesign,https://www.thinkdesignagency.co.uk/,https://www.awwwards.com/ThinkDesignMcr/,,,,FALSE,,,,,,
RamneetKaur90,,https://www.awwwards.com/RamneetKaur90/,,,,FALSE,,,,,,
Balbis,https://balbis.studio/,https://www.awwwards.com/balbis/,,,,FALSE,,,,,,
ollieevill,http://www.oliverevill.com/,https://www.awwwards.com/ollieevill/,,,,FALSE,,,,,,
BigRocket,https://www.bigrocket.co.uk/,https://www.awwwards.com/Big-Rocket/,,,,FALSE,,,,,,
brandonhorvatic,https://www.yeschef.studio/,https://www.awwwards.com/brandonhorvatic/,,,,FALSE,,,,,,
Republic Marketing,https://www.republicmarketing.co.uk/web-design-birmingham,https://www.awwwards.com/republicmarketing/,,,,FALSE,,,,,,
Lili.Padlipskas,,https://www.awwwards.com/lili.padlipskas/,,,,FALSE,,,,,,
Raccoon Web Ltd,https://raccoonweb.co.uk/,https://www.awwwards.com/raccoonweb/,,,,FALSE,,,,,,
Stas Savenkov,https://stansaven.com/,https://www.awwwards.com/savenkovs/,,,,FALSE,,,,,,
aaome.uk,,https://www.awwwards.com/aaome.uk/,,,,FALSE,,,,,,
runkdown,https://runkdown.co.uk/,https://www.awwwards.com/runkdown/,,,,FALSE,,,,,,
Alliance Creative,https://www.alliancecreative.co.uk/,https://www.awwwards.com/AllianceCreative/,,,,FALSE,,,,,,
Squee,https://squee.design/,https://www.awwwards.com/squeewebdesign/,,,,FALSE,,,,,,
tesco,,https://www.awwwards.com/tesco/,,,,FALSE,,,,,,
norandesign,https://norandesign.com/,https://www.awwwards.com/norandesign/,,,,FALSE,,,,,,
quadweb,https://quadweb.uk/,https://www.awwwards.com/quadweb/,,,,FALSE,,,,,,
nigel.steer,http://www.purplemedia.co.uk/,https://www.awwwards.com/nigel.steer/,,,,FALSE,,,,,,
greenturtlestudio,,https://www.awwwards.com/greenturtlestudio/,,,,FALSE,,,,,,
ellinam,,https://www.awwwards.com/ellinam/,,,,FALSE,,,,,,
Spurwing,https://www.spurwing.co.uk/,https://www.awwwards.com/spurwing/,,,,FALSE,,,,,,
Studio-Krista,https://www.studio-krista.com/,https://www.awwwards.com/Studio-Krista/,,,,FALSE,,,,,,